Date,Regime,DT,RF,XGB
1973-02-01,0.0,0.0,0.018244233648690746,0.005473296158015728
1973-03-01,0.0,0.007575757575757576,0.03886624564754552,0.004858717322349548
1973-04-01,0.0,0.0,0.0207509131942047,0.0034326461609452963
1973-05-01,0.0,0.0,0.005445282152942783,0.003514765063300729
1973-06-01,0.0,0.0,0.02080447031222267,0.006987802684307098
1973-07-01,0.0,0.0,0.005334114204914797,0.006379047408699989
1973-08-01,0.0,0.0,0.010358512050313733,0.005208055954426527
1973-09-01,0.0,0.0,0.0350354609929078,0.003052538726478815
1973-10-01,0.0,0.0,0.07010975740661228,0.024830210953950882
1973-11-01,0.0,0.0,0.09728571428571428,0.031773172318935394
1973-12-01,1.0,0.0,0.2200744827586207,0.23007403314113617
1974-01-01,1.0,0.0,0.5567423204293708,0.24878348410129547
1974-02-01,1.0,1.0,0.5576474430844933,0.8192059993743896
1974-03-01,1.0,0.0,0.6327549692034906,0.8885514140129089
1974-04-01,1.0,1.0,0.736704834605598,0.8574234247207642
1974-05-01,1.0,1.0,0.7438748760220889,0.8435344696044922
1974-06-01,1.0,1.0,0.8103194444444444,0.9281574487686157
1974-07-01,1.0,1.0,0.7929478913819983,0.9251178503036499
1974-08-01,1.0,1.0,0.8456728125,0.9542699456214905
1974-09-01,1.0,1.0,0.9111333333333334,0.9396039247512817
1974-10-01,1.0,1.0,0.9146428571428572,0.959925651550293
1974-11-01,1.0,1.0,0.9504918546365915,0.973526120185852
1974-12-01,1.0,1.0,0.944467787114846,0.9730933904647827
1975-01-01,1.0,1.0,0.9643356608969317,0.9749581217765808
1975-02-01,1.0,1.0,0.9344252044252045,0.9755178689956665
1975-03-01,1.0,1.0,0.9190644283121597,0.9760571718215942
1975-04-01,0.0,1.0,0.915625,0.9682877659797668
1975-05-01,0.0,1.0,0.5590018975016623,0.5052573084831238
1975-06-01,0.0,0.0,0.42778960530789384,0.11363950371742249
1975-07-01,0.0,0.0,0.35088127105157296,0.08706661313772202
1975-08-01,0.0,1.0,0.2499795585451323,0.01318512111902237
1975-09-01,0.0,0.0,0.22326891203679256,0.009451281279325485
1975-10-01,0.0,0.0,0.14828842713192264,0.09838209301233292
1975-11-01,0.0,0.0,0.1086257278576826,0.014856641180813313
1975-12-01,0.0,0.008264462809917356,0.08283210842381193,0.009997964836657047
1976-01-01,0.0,0.0,0.07771290463342406,0.009639113210141659
1976-02-01,0.0,0.0,0.03372036581029137,0.010886618867516518
1976-03-01,0.0,0.0,0.045542005611681625,0.009761648252606392
1976-04-01,0.0,0.0,0.030896820513628236,0.01140037551522255
1976-05-01,0.0,0.0,0.05815349889507091,0.003525741398334503
1976-06-01,0.0,0.0,0.04451547590177766,0.0039056912064552307
1976-07-01,0.0,0.0,0.05494939453610199,0.003998283762484789
1976-08-01,0.0,0.0,0.03606364757717358,0.012166439555585384
1976-09-01,0.0,0.0,0.015903071506466637,0.01081023644655943
1976-10-01,0.0,0.0,0.012145502075663223,0.011319072917103767
1976-11-01,0.0,0.0,0.01569021857944718,0.01069271843880415
1976-12-01,0.0,0.0,0.0158871142045628,0.007477289065718651
1977-01-01,0.0,0.0,0.01138592124647947,0.010026738978922367
1977-02-01,0.0,0.0,0.01927644893308182,0.00854367297142744
1977-03-01,0.0,0.008403361344537815,0.031133035862245407,0.007525492459535599
1977-04-01,0.0,0.0,0.018696262911669034,0.00690813222900033
1977-05-01,0.0,0.0,0.011278390805297672,0.006220472976565361
1977-06-01,0.0,0.0,0.02659083630014022,0.003546924563124776
1977-07-01,0.0,0.0,0.006003632004366745,0.005279580596834421
1977-08-01,0.0,0.0,0.016147806576101948,0.008109218440949917
1977-09-01,0.0,0.0,0.007923191627384887,0.0065964520908892155
1977-10-01,0.0,0.0,0.009771068929010055,0.0032490615267306566
1977-11-01,0.0,0.0,0.0012339290565237368,0.0032490615267306566
1977-12-01,0.0,0.0,0.01730575973481744,0.005834031384438276
1978-01-01,0.0,0.0,0.01588242414748111,0.006074996665120125
1978-02-01,0.0,0.00819672131147541,0.04441888238393982,0.005538759287446737
1978-03-01,0.0,0.0,0.03110406452418553,0.0069550201296806335
1978-04-01,0.0,0.0,0.0115177733840493,0.005303647834807634
1978-05-01,0.0,0.008403361344537815,0.030784529172609525,0.005405294708907604
1978-06-01,0.0,0.0,0.03958517622952669,0.011652027256786823
1978-07-01,0.0,0.01639344262295082,0.03834811782532189,0.006209813989698887
1978-08-01,0.0,0.0,0.026225530535044637,0.009193259291350842
1978-09-01,0.0,0.0,0.050473629980069844,0.004181836731731892
1978-10-01,0.0,0.0,0.04935169366055459,0.006517399568110704
1978-11-01,0.0,0.0,0.03513496232496361,0.0053794472478330135
1978-12-01,0.0,0.0,0.0876552493362604,0.006727368570864201
1979-01-01,0.0,0.0,0.04643808647906339,0.005555793642997742
1979-02-01,0.0,0.0,0.06319158336094956,0.003751138225197792
1979-03-01,0.0,0.0,0.1458379971713717,0.03148120269179344
1979-04-01,0.0,0.0,0.11308740001940298,0.00698605552315712
1979-05-01,0.0,0.0,0.1283826146046855,0.004270784556865692
1979-06-01,0.0,0.0,0.30350923240820943,0.24742494523525238
1979-07-01,0.0,0.0,0.18003580658810678,0.008115007542073727
1979-08-01,0.0,0.0,0.16385915525923056,0.006891344208270311
1979-09-01,0.0,0.0,0.2565941268290032,0.021114377304911613
1979-10-01,0.0,0.0,0.28432080689237965,0.015918055549263954
1979-11-01,0.0,0.0,0.22422427027098282,0.007951843552291393
1979-12-01,0.0,0.8888888888888888,0.2814117285854862,0.014210296794772148
1980-01-01,0.0,0.0,0.456462268378122,0.7122028470039368
1980-02-01,1.0,0.9642857142857143,0.4754369308498629,0.5963581204414368
1980-03-01,1.0,1.0,0.6282837948710965,0.9172177910804749
1980-04-01,1.0,1.0,0.72377287620979,0.039281751960515976
1980-05-01,1.0,0.9333333333333333,0.8637689882470196,0.956313967704773
1980-06-01,1.0,0.9375,0.855718677896732,0.9558790326118469
1980-07-01,1.0,1.0,0.8387394465568819,0.9582976698875427
1980-08-01,0.0,1.0,0.8307692139922832,0.9737129211425781
1980-09-01,0.0,1.0,0.39400711140188455,0.33395645022392273
1980-10-01,0.0,0.16666666666666666,0.4251176659762731,0.6086766123771667
1980-11-01,0.0,0.0,0.35426134781663726,0.39537060260772705
1980-12-01,0.0,0.16666666666666666,0.2637748085713968,0.08932246267795563
1981-01-01,0.0,0.0,0.2758860349331073,0.09315332770347595
1981-02-01,0.0,0.009345794392523364,0.26032870019881005,0.06977604329586029
1981-03-01,0.0,0.0,0.29580998056865176,0.010174780152738094
1981-04-01,0.0,0.0,0.24423912792870353,0.006390863563865423
1981-05-01,0.0,0.0,0.29759742158880564,0.009665248915553093
1981-06-01,0.0,0.0,0.3383688690387929,0.7082720398902893
1981-07-01,0.0,0.9655172413793104,0.26824774461379286,0.13727836310863495
1981-08-01,1.0,0.16666666666666666,0.34180220322964056,0.1307646483182907
1981-09-01,1.0,0.9117647058823529,0.5020267503543134,0.9038422703742981
1981-10-01,1.0,0.8378378378378378,0.6684882648245513,0.8077324628829956
1981-11-01,1.0,0.9393939393939394,0.7646687469045075,0.949817955493927
1981-12-01,1.0,0.967741935483871,0.6774910491147772,0.8508356213569641
1982-01-01,1.0,1.0,0.6431260419097142,0.7844686508178711
1982-02-01,1.0,1.0,0.6405171014012191,0.9479095339775085
1982-03-01,1.0,0.9696969696969697,0.5642265370049196,0.8990430235862732
1982-04-01,1.0,0.9375,0.35183007953140233,0.014745105057954788
1982-05-01,1.0,0.4,0.5595672568037561,0.7774146199226379
1982-06-01,1.0,0.0,0.6282068281498931,0.6522793769836426
1982-07-01,1.0,0.1111111111111111,0.484275418906797,0.4706682860851288
1982-08-01,1.0,0.0,0.5567900764858753,0.09603355824947357
1982-09-01,1.0,1.0,0.5549087539006275,0.9626896381378174
1982-10-01,1.0,0.0,0.6252047336746815,0.9028346538543701
1982-11-01,1.0,0.8888888888888888,0.568350213320596,0.4754874110221863
1982-12-01,0.0,1.0,0.6002428596240038,0.6126484870910645
1983-01-01,0.0,0.0,0.4382327148756627,0.16928501427173615
1983-02-01,0.0,0.9230769230769231,0.24147421781275547,0.026527034118771553
1983-03-01,0.0,0.0,0.1352098687089464,0.06792666763067245
1983-04-01,0.0,0.0,0.11986427020676908,0.00825472455471754
1983-05-01,0.0,0.01020408163265306,0.06369440482234828,0.017921339720487595
1983-06-01,0.0,0.009174311926605505,0.05029988023338031,0.0036519921850413084
1983-07-01,0.0,0.0,0.0505992560918567,0.0018993574194610119
1983-08-01,0.0,0.0,0.019714985943518837,0.001846240134909749
1983-09-01,0.0,0.0,0.03015978773095651,0.002423435915261507
1983-10-01,0.0,0.0,0.022731474950008636,0.0022452264092862606
1983-11-01,0.0,0.0,0.025618109845758588,0.0019278260879218578
1983-12-01,0.0,0.0,0.012772481166687282,0.0017842571251094341
1984-01-01,0.0,0.01,0.009304823372726284,0.0023703621700406075
1984-02-01,0.0,0.009900990099009901,0.018396340963519175,0.001868109218776226
1984-03-01,0.0,0.0,0.006075317802179723,0.0021739688236266375
1984-04-01,0.0,0.0,0.013184360401821287,0.0016900637419894338
1984-05-01,0.0,0.009615384615384616,0.014461332482526132,0.002270802389830351
1984-06-01,0.0,0.009615384615384616,0.010573932373380328,0.0035588901955634356
1984-07-01,0.0,0.0,0.010714289091419105,0.002430022694170475
1984-08-01,0.0,0.009345794392523364,0.01900680639202445,0.0036797374486923218
1984-09-01,0.0,0.0,0.08152525180854052,0.004958216100931168
1984-10-01,0.0,0.0,0.07582224217779196,0.004932086914777756
1984-11-01,0.0,0.009708737864077669,0.052460712114867636,0.002141904551535845
1984-12-01,0.0,0.0,0.08409276485545045,0.002978131640702486
1985-01-01,0.0,0.0,0.04646565624137288,0.012358732521533966
1985-02-01,0.0,0.019417475728155338,0.037277795364390125,0.005575272720307112
1985-03-01,0.0,0.5714285714285714,0.13125698643023231,0.025253238156437874
1985-04-01,0.0,0.0,0.0757526120725701,0.007047372870147228
1985-05-01,0.0,0.0,0.046157454305380326,0.004800490103662014
1985-06-01,0.0,0.0,0.04742399839043,0.004432979971170425
1985-07-01,0.0,0.0,0.032485031223990886,0.0029582909774035215
1985-08-01,0.0,0.0,0.08182409716248001,0.005941147916018963
1985-09-01,0.0,0.0,0.02872694831329698,0.0023537445813417435
1985-10-01,0.0,0.0,0.022494481998885554,0.002338749123737216
1985-11-01,0.0,0.0,0.015599129930876308,0.0038550542667508125
1985-12-01,0.0,0.0,0.015485413061200699,0.002301884815096855
1986-01-01,0.0,0.0,0.03977744394858803,0.003314403584226966
1986-02-01,0.0,0.0,0.03522875026119794,0.0032230678480118513
1986-03-01,0.0,0.009900990099009901,0.0553658546293764,0.001999687170609832
1986-04-01,0.0,0.0,0.07647769269967708,0.014722476713359356
1986-05-01,0.0,0.0,0.04685813057372946,0.004883208777755499
1986-06-01,0.0,0.0,0.021456501547534118,0.0040802438743412495
1986-07-01,0.0,0.0,0.06304110586797862,0.011676467023789883
1986-08-01,0.0,0.009433962264150943,0.023349661734094137,0.0028020020108669996
1986-09-01,0.0,0.0,0.0308221011138705,0.002929608104750514
1986-10-01,0.0,0.0,0.022491380598236792,0.0064621577039361
1986-11-01,0.0,0.0,0.027873774100931926,0.0038675665855407715
1986-12-01,0.0,0.0,0.021742593690750916,0.003513053525239229
1987-01-01,0.0,0.0,0.030567061708041708,0.013635841198265553
1987-02-01,0.0,0.0,0.04934420099361067,0.008671799674630165
1987-03-01,0.0,0.0,0.012207648984949677,0.0035952816251665354
1987-04-01,0.0,0.0,0.017370197150703332,0.0047325496561825275
1987-05-01,0.0,0.008333333333333333,0.002724866943042619,0.0029156182426959276
1987-06-01,0.0,0.0,0.003514733619404064,0.0024225462693721056
1987-07-01,0.0,0.0,0.027661775410452626,0.0024477816186845303
1987-08-01,0.0,0.008,0.0353857399605378,0.002934226067736745
1987-09-01,0.0,0.0,0.016831461377491447,0.0027032503858208656
1987-10-01,0.0,0.0,0.011628461465001285,0.004227862227708101
1987-11-01,0.0,0.0,0.03609675059688905,0.00440171966329217
1987-12-01,0.0,0.0,0.045755973651161616,0.0036969727370887995
1988-01-01,0.0,0.015503875968992248,0.0440196867387046,0.005781983956694603
1988-02-01,0.0,0.0,0.04695221835625791,0.06429499387741089
1988-03-01,0.0,0.0,0.015076142473359816,0.006735189352184534
1988-04-01,0.0,0.0,0.006499110668624158,0.002485087141394615
1988-05-01,0.0,0.0,0.026504646453570917,0.00405888631939888
1988-06-01,0.0,0.0,0.0362713248601641,0.005264109466224909
1988-07-01,0.0,0.0,0.033292785668426014,0.005687578581273556
1988-08-01,0.0,0.0,0.011273673548354814,0.003310633124783635
1988-09-01,0.0,0.0,0.015511533793043864,0.003310633124783635
1988-10-01,0.0,0.0,0.02604131392538724,0.004251543898135424
1988-11-01,0.0,1.0,0.02574955917373562,0.004821132868528366
1988-12-01,0.0,0.0,0.006333046495792151,0.007241496350616217
1989-01-01,0.0,0.0,0.006232386997159041,0.005612809211015701
1989-02-01,0.0,0.0,0.006473486099583281,0.0031093216966837645
1989-03-01,0.0,0.0,0.020971406401190208,0.0028954921290278435
1989-04-01,0.0,0.007936507936507936,0.03079973044077322,0.004700524266809225
1989-05-01,0.0,0.0,0.03012609298866433,0.04944799095392227
1989-06-01,0.0,0.015625,0.08730332713152623,0.05247478187084198
1989-07-01,0.0,0.0,0.04382872624269532,0.013030016794800758
1989-08-01,0.0,0.0,0.07256000075929638,0.005385790951550007
1989-09-01,0.0,0.0,0.03944915318368237,0.12814213335514069
1989-10-01,0.0,0.0,0.08185844353911069,0.03435163572430611
1989-11-01,0.0,0.0,0.046277223568553245,0.003596988506615162
1989-12-01,0.0,0.0,0.07071835044432948,0.01997099444270134
1990-01-01,0.0,0.0,0.08186760428371827,0.014284202829003334
1990-02-01,0.0,0.007936507936507936,0.058382483129988366,0.003881228854879737
1990-03-01,0.0,0.0,0.05079908509567402,0.009243500418961048
1990-04-01,0.0,0.0,0.04138743396590889,0.04192240908741951
1990-05-01,0.0,0.0,0.058986981472057186,0.018380874767899513
1990-06-01,0.0,0.007874015748031496,0.04823669785205275,0.06432045251131058
1990-07-01,0.0,0.0,0.11131456043320435,0.05568128824234009
1990-08-01,1.0,0.007751937984496124,0.10072028060071046,0.013433150947093964
1990-09-01,1.0,0.0078125,0.30191299990852255,0.4404154121875763
1990-10-01,1.0,0.4,0.44333086588737664,0.7183614373207092
1990-11-01,1.0,1.0,0.470947801425917,0.6862865090370178
1990-12-01,1.0,1.0,0.6271542237667153,0.9440516829490662
1991-01-01,1.0,1.0,0.7101189948261671,0.9172101616859436
1991-02-01,1.0,0.0,0.6633009227377171,0.9191287755966187
1991-03-01,1.0,1.0,0.7703756701105597,0.9013200998306274
1991-04-01,0.0,1.0,0.7904606823709552,0.9697941541671753
1991-05-01,0.0,0.9583333333333334,0.5977264744068334,0.6237000823020935
1991-06-01,0.0,0.0,0.40261845935868706,0.25825080275535583
1991-07-01,0.0,0.7272727272727273,0.3219412974768574,0.13640044629573822
1991-08-01,0.0,0.0,0.239636547450811,0.4288652241230011
1991-09-01,0.0,0.0,0.2613833751104532,0.1960424929857254
1991-10-01,0.0,0.0,0.23555970134514526,0.04438357427716255
1991-11-01,0.0,0.3888888888888889,0.17893277087064882,0.07027100771665573
1991-12-01,0.0,0.0,0.1457060390230537,0.013041285797953606
1992-01-01,0.0,0.20689655172413793,0.1614584522357705,0.02186867594718933
1992-02-01,0.0,0.0,0.19964635988185508,0.022429529577493668
1992-03-01,0.0,0.008771929824561403,0.06907030036168019,0.008288427256047726
1992-04-01,0.0,0.02586206896551724,0.0479931204245932,0.001917844987474382
1992-05-01,0.0,0.009345794392523364,0.033243100828038975,0.005182337481528521
1992-06-01,0.0,0.0,0.041304440464597685,0.0029093052726238966
1992-07-01,0.0,0.017699115044247787,0.0379228903757526,0.004030752927064896
1992-08-01,0.0,0.009009009009009009,0.04275308206614513,0.008695574477314949
1992-09-01,0.0,0.0,0.030173403429911216,0.002383566927164793
1992-10-01,0.0,0.032520325203252036,0.04392615347795223,0.005876673385500908
1992-11-01,0.0,0.008620689655172414,0.0568327453651782,0.0072082593105733395
1992-12-01,0.0,0.0,0.043416503921724504,0.0027245525270700455
1993-01-01,0.0,0.01652892561983471,0.011262253095318949,0.0027474965900182724
1993-02-01,0.0,0.0,0.09041136211959437,0.0027365749701857567
1993-03-01,0.0,0.0,0.06767450800906269,0.0034910666290670633
1993-04-01,0.0,0.0,0.04493120167292124,0.03410916030406952
1993-05-01,0.0,0.008403361344537815,0.03841860227208178,0.0050509036518633366
1993-06-01,0.0,0.0,0.02446498884965482,0.003258403390645981
1993-07-01,0.0,0.0,0.010738064549417458,0.0032976700458675623
1993-08-01,0.0,0.024193548387096774,0.015359737161999086,0.002760882955044508
1993-09-01,0.0,0.016,0.01878956932655549,0.0029969564639031887
1993-10-01,0.0,0.00847457627118644,0.003541434432538355,0.004244319163262844
1993-11-01,0.0,0.023809523809523808,0.01464650085304534,0.002923237159848213
1993-12-01,0.0,0.0,0.008086779480603075,0.0029177649412304163
1994-01-01,0.0,0.023809523809523808,0.0032705780640645767,0.003256585681810975
1994-02-01,0.0,0.008,0.019381156123943706,0.005243378691375256
1994-03-01,0.0,0.008264462809917356,0.01147377877462364,0.0033288809936493635
1994-04-01,0.0,0.0,0.004499034361872878,0.0036667364183813334
1994-05-01,0.0,0.0,0.0027402904381113825,0.003243004437536001
1994-06-01,0.0,0.0,0.014833003706870396,0.003076293971389532
1994-07-01,0.0,0.0,0.0027077120240541408,0.002961061429232359
1994-08-01,0.0,0.015267175572519083,0.007246531118841306,0.002788351848721504
1994-09-01,0.0,0.0,0.0014046379602564113,0.0028991769067943096
1994-10-01,0.0,0.014925373134328358,0.0019150654004672376,0.0027762081008404493
1994-11-01,0.0,0.0,0.0022156294545478857,0.003159304615110159
1994-12-01,0.0,0.0,0.007196896602312203,0.0030479510314762592
1995-01-01,0.0,0.0,0.041056409595433926,0.0028894587885588408
1995-02-01,0.0,0.0,0.01637114352949002,0.003055343870073557
1995-03-01,0.0,0.0,0.006507508486306625,0.0027818388771265745
1995-04-01,0.0,0.0,0.006901502585415895,0.0026906365528702736
1995-05-01,0.0,0.0,0.016107378368546074,0.003474920056760311
1995-06-01,0.0,0.0,0.03045786256114451,0.01133040152490139
1995-07-01,0.0,0.0,0.010562968371764937,0.0076099843718111515
1995-08-01,0.0,0.0,0.0394624800346694,0.0031420444138348103
1995-09-01,0.0,0.0,0.0032050487891835517,0.0025923463981598616
1995-10-01,0.0,0.0,0.00042362854326233546,0.003060371847823262
1995-11-01,0.0,0.006993006993006993,0.0004937168174723553,0.0028087052050977945
1995-12-01,0.0,0.0,0.010526547455006561,0.002814848441630602
1996-01-01,0.0,0.0,0.011361929530622589,0.01012246310710907
1996-02-01,0.0,0.0,0.03028484847397427,0.0034588873386383057
1996-03-01,0.0,0.0,0.010318043936214166,0.0027507231570780277
1996-04-01,0.0,0.0,0.0004888537436837076,0.0027507231570780277
1996-05-01,0.0,0.0,0.0006350904809173912,0.0027507231570780277
1996-06-01,0.0,0.0,0.005528082545910153,0.0027507231570780277
1996-07-01,0.0,0.0,0.010529957787472177,0.0052106259390711784
1996-08-01,0.0,0.0,0.017196005108347664,0.002857805695384741
1996-09-01,0.0,0.0,0.010352719542761022,0.002857805695384741
1996-10-01,0.0,0.006993006993006993,0.00035245986913558475,0.002857805695384741
1996-11-01,0.0,0.0,0.010351162455897251,0.002863723784685135
1996-12-01,0.0,0.0,0.0353841918451351,0.005019394680857658
1997-01-01,0.0,0.0,0.015281707678995664,0.003307600971311331
1997-02-01,0.0,0.0,0.030388497281664168,0.004267699550837278
1997-03-01,0.0,0.0,0.021149814486641615,0.0033078256528824568
1997-04-01,0.0,0.0,0.010248283970660417,0.0033082454465329647
1997-05-01,0.0,0.0,0.005283931844474993,0.0033082454465329647
1997-06-01,0.0,0.0,0.010315961605917736,0.0042649731040000916
1997-07-01,0.0,0.0,0.003025834295510669,0.0033082454465329647
1997-08-01,0.0,0.0,0.015456121022300174,0.0033082454465329647
1997-09-01,0.0,0.0,0.0057072562708380325,0.0033082454465329647
1997-10-01,0.0,0.0,0.010247770472488095,0.003307912265881896
1997-11-01,0.0,0.0,0.00038773930245554353,0.003307912265881896
1997-12-01,0.0,0.0,0.010317768332914696,0.0033113709650933743
1998-01-01,0.0,0.0,0.010528861088676185,0.0033166364300996065
1998-02-01,0.0,0.0,0.010460663104825456,0.0033166364300996065
1998-03-01,0.0,0.0,0.00031948905299823444,0.003326567355543375
1998-04-01,0.0,0.0,0.0052472702667674355,0.0033265433739870787
1998-05-01,0.0,0.0,0.020244313661293423,0.0033265373203903437
1998-06-01,0.0,0.0,0.0002491474803154871,0.0033265373203903437
1998-07-01,0.0,0.0,0.025318484228794912,0.003326559439301491
1998-08-01,0.0,0.0,0.06625494569975697,0.009511508978903294
1998-09-01,0.0,0.0,0.03528401930620303,0.003318996634334326
1998-10-01,0.0,0.0,0.0003524152615084374,0.003318996634334326
1998-11-01,0.0,0.0,0.01099602370872074,0.0033241603523492813
1998-12-01,0.0,0.0,0.01038889908406573,0.010614831000566483
1999-01-01,0.0,0.0,0.00045493567426471433,0.0033242441713809967
1999-02-01,0.0,0.0,0.010454883785515174,0.004632623866200447
1999-03-01,0.0,0.007042253521126761,0.009763207545014392,0.0033486580941826105
1999-04-01,0.0,0.0,0.0054827004076652185,0.003349404316395521
1999-05-01,0.0,0.0,0.015535476439941439,0.003349404316395521
1999-06-01,0.0,0.0,0.02045861848668683,0.0033501703292131424
1999-07-01,0.0,0.0,0.02035180510235078,0.0033509680069983006
1999-08-01,0.0,0.0,0.026843290131296674,0.0033517898991703987
1999-09-01,0.0,0.0,0.005388276458333534,0.004287039395421743
1999-10-01,0.0,0.006993006993006993,0.05032054651607293,0.0062904441729187965
1999-11-01,0.0,0.006993006993006993,0.045287182137260705,0.0033542660530656576
1999-12-01,0.0,0.006993006993006993,0.00034872286141927097,0.004285928327590227
2000-01-01,0.0,0.0,0.0004936418358466874,0.0033607538789510727
2000-02-01,0.0,0.0,0.010176566341459959,0.0033626246731728315
2000-03-01,0.0,0.0,0.021914507418975937,0.003365913638845086
2000-04-01,0.0,0.0,0.020281517437354925,0.0033645075745880604
2000-05-01,0.0,0.0,0.015664328171967536,0.003367201192304492
2000-06-01,0.0,0.0,0.012781985576430304,0.0033715551253408194
2000-07-01,0.0,0.0,0.03538740765499788,0.012390784919261932
2000-08-01,0.0,0.0,0.060314480345203016,0.0033805540297180414
2000-09-01,0.0,0.0,0.07875497836605186,0.012430673465132713
2000-10-01,0.0,0.0,0.05528276393005638,0.00830459501594305
2000-11-01,0.0,0.0,0.03194469395546982,0.008243801072239876
2000-12-01,0.0,0.0,0.044071059309676405,0.003402198664844036
2001-01-01,0.0,0.0,0.026294395986104613,0.003402198664844036
2001-02-01,0.0,0.0,0.08531622888371423,0.010413600131869316
2001-03-01,0.0,0.0,0.13021134910675003,0.007795148994773626
2001-04-01,1.0,0.0,0.09061583116807752,0.005608070641756058
2001-05-01,1.0,0.014084507042253521,0.24456742002257514,0.6492342948913574
2001-06-01,1.0,1.0,0.4174869163817806,0.6188857555389404
2001-07-01,1.0,1.0,0.3695502419726803,0.2718797028064728
2001-08-01,1.0,0.014598540145985401,0.524123068075995,0.10405860841274261
2001-09-01,1.0,1.0,0.5649201117749648,0.2311582714319229
2001-10-01,1.0,1.0,0.6835109619131065,0.6606754064559937
2001-11-01,1.0,1.0,0.7206118631541145,0.8508471846580505
2001-12-01,0.0,1.0,0.7481758482923062,0.7502713203430176
2002-01-01,0.0,0.9285714285714286,0.5093365970492344,0.6727291345596313
2002-02-01,0.0,0.0,0.2854125150913461,0.06502357125282288
2002-03-01,0.0,0.0,0.22141890295851316,0.07852876931428909
2002-04-01,0.0,0.0,0.17200127940938117,0.020588919520378113
2002-05-01,0.0,0.0,0.07173940485746748,0.02452559769153595
2002-06-01,0.0,0.0,0.06951754912154667,0.017480533570051193
2002-07-01,0.0,0.0,0.04260251468526241,0.003956735599786043
2002-08-01,0.0,0.007874015748031496,0.06452541043011578,0.0033519971184432507
2002-09-01,0.0,0.0,0.08530533602389646,0.008491969667375088
2002-10-01,0.0,0.0,0.04615556263357295,0.07511935383081436
2002-11-01,0.0,0.0,0.046512053981962016,0.012352879159152508
2002-12-01,0.0,0.0,0.030022996116794484,0.004710124805569649
2003-01-01,0.0,0.0,0.03680642912177091,0.016156457364559174
2003-02-01,0.0,0.007751937984496124,0.03408380824650336,0.01567406952381134
2003-03-01,0.0,1.0,0.08106686107474392,0.010723461396992207
2003-04-01,0.0,0.0,0.08598764750315423,0.0208666380494833
2003-05-01,0.0,0.0,0.11922152502946863,0.02150878868997097
2003-06-01,0.0,0.0,0.2292536266638174,0.09412050247192383
2003-07-01,0.0,0.0,0.0640387792672178,0.003929040394723415
2003-08-01,0.0,0.0,0.06358440693122981,0.007140878587961197
2003-09-01,0.0,0.0,0.010146663328248066,0.005204324144870043
2003-10-01,0.0,0.0,0.01507071464267866,0.003998587839305401
2003-11-01,0.0,0.0,0.006104655712050079,0.004005157854408026
2003-12-01,0.0,0.0,0.007534722222222222,0.0040087089873850346
2004-01-01,0.0,0.0,0.00014349527791405868,0.004030122887343168
2004-02-01,0.0,0.0,0.004345400930188913,0.004030505660921335
2004-03-01,0.0,0.006993006993006993,0.012607421903684883,0.004030505660921335
2004-04-01,0.0,0.0,0.011702380952380954,0.004030505660921335
2004-05-01,0.0,0.0,0.005035971223021582,0.004030505660921335
2004-06-01,0.0,0.0,0.0100354609929078,0.004030505660921335
2004-07-01,0.0,1.0,0.030036496350364966,0.004030505660921335
2004-08-01,0.0,0.0,0.005,0.004030505660921335
2004-09-01,0.0,0.0,0.005176823054164228,0.0040505253709852695
2004-10-01,0.0,0.0,0.015034722222222224,0.0040505253709852695
2004-11-01,0.0,0.0,3.424657534246575e-05,0.0040505253709852695
2004-12-01,0.0,0.0,0.01003623188405797,0.0040505253709852695
2005-01-01,0.0,0.0,3.676470588235294e-05,0.0040505253709852695
2005-02-01,0.0,0.0,0.005105644208037825,0.0040505253709852695
2005-03-01,0.0,0.0,0.005,0.0040505253709852695
2005-04-01,0.0,0.0,0.001702127659574468,0.0040505253709852695
2005-05-01,0.0,0.0,0.0100354609929078,0.0040505253709852695
2005-06-01,0.0,0.0,0.005106650543700904,0.004075557459145784
2005-07-01,0.0,0.0,0.0005944159268627354,0.004271463956683874
2005-08-01,0.0,0.0,0.005,0.004271463956683874
2005-09-01,0.0,0.0,0.005869304556354916,0.004271463956683874
2005-10-01,0.0,1.0,0.04010640773095809,0.03902910649776459
2005-11-01,0.0,0.0,0.06007017630257067,0.01497454009950161
2005-12-01,0.0,0.0,0.0875,0.0040949382819235325
2006-01-01,0.0,0.0,0.09632021779836406,0.0040949382819235325
2006-02-01,0.0,0.0,0.015107189795608768,0.0040949382819235325
2006-03-01,0.0,0.0,0.0050344827586206896,0.0040949382819235325
2006-04-01,0.0,1.0,0.0326053875701763,0.0040949382819235325
2006-05-01,0.0,0.0,0.010035211267605634,0.0040949382819235325
2006-06-01,0.0,0.0,0.010105391062837872,0.0040949382819235325
2006-07-01,0.0,0.0,0.015,0.0040949382819235325
2006-08-01,0.0,0.0,0.01173758865248227,0.0040949382819235325
2006-09-01,0.0,0.0,0.03007093625798662,0.0040949382819235325
2006-10-01,0.0,0.0,0.015108169106711804,0.0040949382819235325
2006-11-01,0.0,0.0,0.045,0.022718504071235657
2006-12-01,0.0,0.0,0.03,0.0062595391646027565
2007-01-01,0.0,0.0,0.01256993006993007,0.005667502526193857
2007-02-01,0.0,0.0,0.025069444444444446,0.0056577748619019985
2007-03-01,0.0,0.0,0.005106650543700904,0.0042503527365624905
2007-04-01,0.0,0.0,0.018439763173526153,0.0042503527365624905
2007-05-01,0.0,0.0,0.025034965034965034,0.0042503527365624905
2007-06-01,0.0,0.0,0.03510664348353502,0.0042503527365624905
2007-07-01,0.0,1.0,0.055,0.04246082156896591
2007-08-01,0.0,0.0,0.015,0.037344641983509064
2007-09-01,0.0,0.0,0.05003571428571428,0.02536073699593544
2007-10-01,0.0,0.0,0.06503496503496503,0.020730407908558846
2007-11-01,0.0,0.0,0.015106643483535019,0.01978793926537037
2007-12-01,0.0,0.0,0.03003424657534246,0.018349673599004745
2008-01-01,1.0,0.0,0.06256944444444444,0.013311631977558136
2008-02-01,1.0,1.0,0.24108315297743793,0.24817398190498352
2008-03-01,1.0,0.0,0.44330308171186034,0.3350529074668884
2008-04-01,1.0,1.0,0.5185962185582208,0.05068008974194527
2008-05-01,1.0,1.0,0.6830110470849262,0.4755854308605194
2008-06-01,1.0,1.0,0.6740040288178973,0.949922502040863
2008-07-01,1.0,1.0,0.7115942592443552,0.8612087965011597
2008-08-01,1.0,1.0,0.6713991999823519,0.9340633153915405
2008-09-01,1.0,1.0,0.7319464086900631,0.7439801692962646
2008-10-01,1.0,1.0,0.762453898225957,0.5258856415748596
2008-11-01,1.0,1.0,0.839892369991475,0.8901057839393616
2008-12-01,1.0,0.0,0.7833729739252995,0.13862153887748718
2009-01-01,1.0,1.0,0.7894984320777907,0.812260627746582
2009-02-01,1.0,1.0,0.8300423728813558,0.844594419002533
2009-03-01,1.0,1.0,0.8297727272727272,0.1702912151813507
2009-04-01,1.0,1.0,0.8358733333333332,0.8665196895599365
2009-05-01,1.0,1.0,0.8848275862068965,0.827523946762085
2009-06-01,1.0,1.0,0.8546968275626813,0.9141495227813721
2009-07-01,0.0,1.0,0.8267559265470497,0.8526880741119385
2009-08-01,0.0,0.0,0.4597389138526177,0.04443718120455742
2009-09-01,0.0,0.0,0.3100444497097611,0.014242650009691715
2009-10-01,0.0,0.0,0.22424614507503063,0.012642115354537964
2009-11-01,0.0,0.008620689655172414,0.1527895743596804,0.01472788117825985
2009-12-01,0.0,0.0,0.14615030337876023,0.008164028637111187
2010-01-01,0.0,0.0,0.06023819656274076,0.005613543558865786
2010-02-01,0.0,0.009174311926605505,0.07878933109494025,0.0033094470854848623
2010-03-01,0.0,0.0,0.10583272046704187,0.003596039954572916
2010-04-01,0.0,0.0,0.08627340122878564,0.009501478634774685
2010-05-01,0.0,0.0,0.050142577891789226,0.007256001234054565
2010-06-01,0.0,0.0,0.035465781644097076,0.005240700673311949
2010-07-01,0.0,0.008333333333333333,0.07314604056142443,0.005085383076220751
2010-08-01,0.0,0.0,0.04952087687987189,0.007725900504738092
2010-09-01,0.0,0.008620689655172414,0.013515825568038592,0.0050972322933375835
2010-10-01,0.0,0.0,0.02358823938716738,0.002986637409776449
2010-11-01,0.0,0.0,0.016524336420008553,0.004195558838546276
2010-12-01,0.0,0.0,0.04355792358865849,0.01234402135014534
2011-01-01,0.0,0.008333333333333333,0.012272982946107831,0.01185615360736847
2011-02-01,0.0,0.0,0.008922826415601819,0.0047519332729279995
2011-03-01,0.0,0.0,0.028182896573212966,0.003711600322276354
2011-04-01,0.0,0.0,0.023218384960961375,0.004286553245037794
2011-05-01,0.0,0.0,0.01468040497547483,0.003806965658441186
2011-06-01,0.0,0.0,0.059905108089346806,0.012098357081413269
2011-07-01,0.0,0.0,0.015693529398839702,0.01191020105034113
2011-08-01,0.0,0.0,0.029544557219735736,0.0040618134662508965
2011-09-01,0.0,0.0,0.03965508474849971,0.006626572925597429
2011-10-01,0.0,0.0,0.042229757928570394,0.005369050428271294
2011-11-01,0.0,0.0,0.029351441789922418,0.008051211014389992
2011-12-01,0.0,0.008403361344537815,0.016579226427911497,0.00466508511453867
2012-01-01,0.0,0.0,0.02201116411888127,0.00525260902941227
2012-02-01,0.0,0.0,0.0025894922747735534,0.0045913392677903175
2012-03-01,0.0,0.0,0.007373549634269689,0.004021229222416878
2012-04-01,0.0,0.0,0.03632230993080293,0.005260440520942211
2012-05-01,0.0,0.0,0.021871763953243466,0.007132199127227068
2012-06-01,0.0,0.0,0.012222636607377482,0.003436530940234661
2012-07-01,0.0,0.0,0.007311708448268592,0.004845991265028715
2012-08-01,0.0,0.0,0.007033722189999547,0.0036665834486484528
2012-09-01,0.0,0.0,0.02205921930138639,0.009484642185270786
2012-10-01,0.0,0.008547008547008548,0.021217577399274393,0.004069497808814049
2012-11-01,0.0,0.0,0.06071897071926549,0.018731357529759407
2012-12-01,0.0,0.0,0.029543110103086502,0.007165664341300726
2013-01-01,0.0,0.00819672131147541,0.0076927412189084455,0.005154747515916824
2013-02-01,0.0,0.0,0.017026183089745416,0.003533941227942705
2013-03-01,0.0,0.0,0.002717293437020755,0.0031545038800686598
2013-04-01,0.0,0.0,0.0072243542854140965,0.0029375762678682804
2013-05-01,0.0,0.0,0.011944741897835242,0.01011902280151844
2013-06-01,0.0,0.0,0.037075527335695295,0.010807712562382221
2013-07-01,0.0,0.0,0.011591510660012832,0.005885778926312923
2013-08-01,0.0,0.0,0.08808958453881828,0.013144860044121742
2013-09-01,0.0,0.016129032258064516,0.04302073521667277,0.004854914732277393
2013-10-01,0.0,0.0,0.00152308255268568,0.003836142597720027
2013-11-01,0.0,0.0,0.006572313015710334,0.004126738756895065
2013-12-01,0.0,0.007874015748031496,0.01155932675023993,0.005367123521864414
2014-01-01,0.0,0.0,0.00661516860827304,0.004708459600806236
2014-02-01,0.0,0.0,0.1438894010722677,0.2151983678340912
2014-03-01,0.0,0.008064516129032258,0.06665863759528518,0.004408926237374544
2014-04-01,0.0,0.0,0.001152729443599261,0.004869320895522833
2014-05-01,0.0,0.0,0.006148606663513815,0.003401590744033456
2014-06-01,0.0,0.0,0.0009902352383592313,0.0035725063644349575
2014-07-01,0.0,0.0,0.0006808034144627202,0.0034290985204279423
2014-08-01,0.0,0.0,0.0007644913005528712,0.0032938981894403696
2014-09-01,0.0,0.0,0.0023094398343436002,0.004448033403605223
2014-10-01,0.0,0.0,0.005336578442532626,0.0032862236257642508
2014-11-01,0.0,0.0,0.005645276312078273,0.003988035023212433
2014-12-01,0.0,0.0,0.00034333653087735756,0.004050862044095993
2015-01-01,0.0,0.0,0.00030670941144625354,0.004903029650449753
2015-02-01,0.0,0.0,0.025462421573340152,0.02617495507001877
2015-03-01,0.0,0.0,0.12034333586481008,0.02204355224967003
2015-04-01,0.0,0.0,0.030490928165093672,0.005031055770814419
2015-05-01,0.0,0.007575757575757576,0.010257940572580606,0.0033904793672263622
2015-06-01,0.0,0.0,0.02572111430762994,0.003182802814990282
2015-07-01,0.0,0.0,0.005463514914498272,0.010401961393654346
2015-08-01,0.0,0.0,0.01045586343372138,0.0037186723202466965
2015-09-01,0.0,0.0,0.00019850546575489263,0.0037186723202466965
2015-10-01,0.0,0.0,0.016784582971385475,0.005147543735802174
2015-11-01,0.0,0.007575757575757576,0.014523470749574949,0.004282242618501186
2015-12-01,0.0,0.007518796992481203,0.042272596934177994,0.014302981086075306
2016-01-01,0.0,0.0,0.05030311244863484,0.015401107259094715
2016-02-01,0.0,0.0,0.0326899588468561,0.005504685454070568
2016-03-01,0.0,0.0,0.016296949696609424,0.007393185049295425
2016-04-01,0.0,0.0,0.016444431879726277,0.0062865084037184715
2016-05-01,0.0,0.0,0.006266012395548423,0.0031210631132125854
2016-06-01,0.0,0.0,0.015816442694951346,0.011293976567685604
2016-07-01,0.0,0.0,0.007161525147314408,0.004188221879303455
2016-08-01,0.0,0.0,0.0017437001493964585,0.004525631666183472
2016-09-01,0.0,0.0,0.02038116567907917,0.00345750548876822
2016-10-01,0.0,0.0,0.03530222286497249,0.0030054973904043436
2016-11-01,0.0,0.0,0.010231933641159428,0.005098122637718916
2016-12-01,0.0,0.0,0.0004546138857261811,0.0034561092033982277
2017-01-01,0.0,0.0,0.0014816311582946328,0.004731808323413134
2017-02-01,0.0,0.0,0.020949189330618786,0.0036604932975023985
2017-03-01,0.0,0.0,0.04541205244939808,0.0036604932975023985
2017-04-01,0.0,0.007518796992481203,0.03523005162478846,0.019028104841709137
2017-05-01,0.0,0.0,0.010265059183287756,0.010468315333127975
2017-06-01,0.0,0.0,0.005188878955037644,0.004257864784449339
2017-07-01,0.0,0.0,0.0016728273455777702,0.004691115114837885
2017-08-01,0.0,0.0,0.020577687602559944,0.004057223442941904
2017-09-01,0.0,0.0,0.03542089954102038,0.015375393442809582
2017-10-01,0.0,0.0,0.020488199653334656,0.0030403882265090942
2017-11-01,0.0,0.0,0.010229594298948385,0.004417849704623222
2017-12-01,0.0,0.0,0.0004505191541193258,0.004564421251416206
2018-01-01,0.0,0.0,0.00041555180438247475,0.0036796291824430227
2018-02-01,0.0,0.0,0.01272693250006026,0.018606288358569145
2018-03-01,0.0,0.0,0.02534330154946207,0.011471446603536606
2018-04-01,0.0,0.0,0.040190621150853215,0.004542705602943897
2018-05-01,0.0,0.0,0.06023023625064247,0.003344994969666004
2018-06-01,0.0,0.0,0.0670104032308267,0.003450252814218402
2018-07-01,0.0,0.0,0.057926246623831876,0.003450252814218402
2018-08-01,0.0,0.0,0.04034389999578268,0.04821758717298508
2018-09-01,0.0,0.0,0.01943596933963016,0.004120687488466501
2018-10-01,0.0,0.0,0.005429506177692493,0.003512699855491519
2018-11-01,0.0,0.0,0.05565627953267552,0.02429450862109661
2018-12-01,0.0,0.0,0.00023099490756115198,0.004008506890386343
2019-01-01,0.0,0.0,0.012878096323280163,0.004282960202544928
2019-02-01,0.0,0.0,0.040531469255241384,0.004488554783165455
2019-03-01,0.0,0.0,0.08026656451452403,0.011093775741755962
2019-04-01,0.0,0.0,0.03026672188320795,0.011973339132964611
2019-05-01,0.0,0.0,0.030298899077815026,0.03314012289047241
2019-06-01,0.0,0.0,0.015372926411253474,0.0030895876698195934
2019-07-01,0.0,0.0,0.013226252677757417,0.01249157078564167
2019-08-01,0.0,0.0,0.015385986360714303,0.0033059429842978716
2019-09-01,0.0,0.0,0.025378296663183572,0.003229631343856454
2019-10-01,0.0,0.0,0.08522739027689251,0.0035787702072411776
2019-11-01,0.0,0.0,0.08185453723679814,0.03032245673239231
2019-12-01,0.0,0.0,0.11905412908332988,0.009775412268936634
2020-01-01,0.0,0.0,0.09691819603765497,0.0034669472370296717
2020-02-01,0.0,0.0,0.13026162455635157,0.008613206446170807
2020-03-01,1.0,0.0,0.11018920271037796,0.004104497376829386
2020-04-01,1.0,0.0,0.40804347160930865,0.6008576154708862
2020-05-01,0.0,0.0,0.7880080927509613,0.9749987125396729
2020-06-01,0.0,0.0,0.5562784668943335,0.017865531146526337
2020-07-01,0.0,0.0,0.571155062056133,0.36649805307388306
2020-08-01,0.0,1.0,0.4329760707914433,0.1731804758310318
2020-09-01,0.0,0.0,0.20657143116705218,0.026490438729524612
2020-10-01,0.0,0.0,0.2947366313180375,0.3727378845214844
2020-11-01,0.0,0.014814814814814815,0.14319911762775575,0.003909938037395477
2020-12-01,0.0,1.0,0.10668393637974027,0.003597741946578026
2021-01-01,0.0,0.0,0.08782105672929146,0.004031759686768055
2021-02-01,0.0,0.0072992700729927005,0.07457263351350807,0.0041946303099393845
2021-03-01,0.0,1.0,0.1577871708847024,0.025383029133081436
2021-04-01,0.0,0.0,0.05642733723261012,0.0036739297211170197
2021-05-01,0.0,0.0,0.06577604445207638,0.010265151970088482
2021-06-01,0.0,0.0070921985815602835,0.061704576379153095,0.002459678566083312
2021-07-01,0.0,0.0,0.01076461732711733,0.0028213164769113064
2021-08-01,0.0,0.006944444444444444,0.01629392446633826,0.002080291509628296
2021-09-01,0.0,0.006896551724137931,0.0257681020063694,0.002775112632662058
2021-10-01,0.0,0.00684931506849315,0.010104189908012847,0.002787626814097166
2021-11-01,0.0,0.0,0.020034246575342463,0.0038283588364720345
2021-12-01,0.0,0.0,0.0,0.014934944920241833
2022-01-01,0.0,0.0,0.01,0.013333331793546677
2022-02-01,0.0,0.0,0.015,0.013333331793546677
2022-03-01,0.0,0.0,0.02,0.013333331793546677
2022-04-01,0.0,0.0,0.0,0.013333331793546677
2022-05-01,0.0,0.0,0.015,0.013333331793546677
2022-06-01,0.0,0.0,0.0,0.013333331793546677
2022-07-01,0.0,0.0,0.015,0.013333331793546677
2022-08-01,0.0,0.0,0.03,0.013333331793546677
2022-09-01,0.0,0.0,0.01,0.013333331793546677
2022-10-01,0.0,0.0,0.005,0.013333331793546677
2022-11-01,0.0,0.0,0.0,0.013333331793546677
2022-12-01,0.0,0.0,0.0,0.013333331793546677
2023-01-01,0.0,0.0,0.015,0.013333331793546677
2023-02-01,0.0,0.0,0.02,0.013333331793546677
2023-03-01,0.0,0.0,0.02,0.013333331793546677
2023-04-01,0.0,0.0,0.05,0.013333331793546677
2023-05-01,0.0,0.0,0.01,0.013333331793546677
2023-06-01,0.0,0.0,0.0,0.013333331793546677
2023-07-01,0.0,0.0,0.13,0.013333331793546677
2023-08-01,0.0,0.0,0.15,0.013333331793546677
2023-09-01,0.0,0.0,0.075,0.013333331793546677
2023-10-01,0.0,0.0,0.05,0.013333331793546677
2023-11-01,0.0,0.0,0.03,0.013333331793546677
2023-12-01,0.0,0.0,0.045,0.013333331793546677
2024-01-01,0.0,0.0,0.045,0.013333331793546677
2024-02-01,0.0,0.0,0.045,0.013333331793546677
2024-03-01,0.0,0.0,0.035,0.013333331793546677
2024-04-01,0.0,0.0,0.01,0.013333331793546677
2024-05-01,0.0,0.0,0.01,0.013333331793546677
2024-06-01,0.0,0.0,0.01,0.013333331793546677
2024-07-01,0.0,0.0,0.085,0.013333331793546677
2024-08-01,0.0,0.0,0.055,0.013333331793546677
2024-09-01,0.0,1.0,0.01,0.013333331793546677
2024-10-01,0.0,0.0,0.095,0.013333331793546677
2024-11-01,0.0,0.0,0.05,0.013333331793546677
2024-12-01,0.0,0.0,0.04,0.013333331793546677
2025-01-01,0.0,0.0,0.005,0.013333331793546677
2025-02-01,0.0,0.0,0.02,0.013333331793546677
2025-03-01,0.0,0.0,0.045,0.013333331793546677
